test_id,label
0,Highway
1,Highway
2,Forest
3,SeaLake
4,River
5,AnnualCrop
6,SeaLake
7,SeaLake
8,HerbaceousVegetation
9,Highway
10,SeaLake
11,SeaLake
12,PermanentCrop
13,Industrial
14,Pasture
15,Forest
16,SeaLake
17,River
18,AnnualCrop
19,SeaLake
20,HerbaceousVegetation
21,Industrial
22,SeaLake
23,SeaLake
24,River
25,Industrial
26,AnnualCrop
27,HerbaceousVegetation
28,HerbaceousVegetation
29,Industrial
30,AnnualCrop
31,AnnualCrop
32,SeaLake
33,AnnualCrop
34,AnnualCrop
35,AnnualCrop
36,SeaLake
37,River
38,SeaLake
39,SeaLake
40,Highway
41,Pasture
42,HerbaceousVegetation
43,SeaLake
44,Pasture
45,PermanentCrop
46,HerbaceousVegetation
47,SeaLake
48,Highway
49,Highway
50,AnnualCrop
51,SeaLake
52,SeaLake
53,HerbaceousVegetation
54,Industrial
55,AnnualCrop
56,Residential
57,AnnualCrop
58,SeaLake
59,PermanentCrop
60,Highway
61,River
62,Residential
63,AnnualCrop
64,SeaLake
65,SeaLake
66,SeaLake
67,SeaLake
68,SeaLake
69,SeaLake
70,SeaLake
71,Pasture
72,Highway
73,SeaLake
74,AnnualCrop
75,AnnualCrop
76,AnnualCrop
77,HerbaceousVegetation
78,Forest
79,SeaLake
80,AnnualCrop
81,Forest
82,PermanentCrop
83,Industrial
84,SeaLake
85,SeaLake
86,SeaLake
87,AnnualCrop
88,Forest
89,SeaLake
90,HerbaceousVegetation
91,PermanentCrop
92,SeaLake
93,SeaLake
94,AnnualCrop
95,SeaLake
96,River
97,River
98,Residential
99,River
100,SeaLake
101,Residential
102,Forest
103,Residential
104,PermanentCrop
105,PermanentCrop
106,HerbaceousVegetation
107,HerbaceousVegetation
108,SeaLake
109,Industrial
110,Highway
111,AnnualCrop
112,River
113,HerbaceousVegetation
114,HerbaceousVegetation
115,SeaLake
116,Forest
117,Highway
118,SeaLake
119,Industrial
120,SeaLake
121,SeaLake
122,AnnualCrop
123,SeaLake
124,AnnualCrop
125,SeaLake
126,River
127,AnnualCrop
128,Highway
129,Industrial
130,Highway
131,Highway
132,SeaLake
133,HerbaceousVegetation
134,River
135,AnnualCrop
136,Forest
137,Highway
138,River
139,SeaLake
140,AnnualCrop
141,SeaLake
142,AnnualCrop
143,SeaLake
144,AnnualCrop
145,PermanentCrop
146,SeaLake
147,HerbaceousVegetation
148,AnnualCrop
149,Forest
150,HerbaceousVegetation
151,AnnualCrop
152,River
153,Highway
154,Highway
155,SeaLake
156,SeaLake
157,Industrial
158,Highway
159,River
160,PermanentCrop
161,PermanentCrop
162,Residential
163,Highway
164,Industrial
165,PermanentCrop
166,AnnualCrop
167,AnnualCrop
168,Highway
169,Highway
170,AnnualCrop
171,SeaLake
172,River
173,SeaLake
174,PermanentCrop
175,SeaLake
176,HerbaceousVegetation
177,Forest
178,River
179,SeaLake
180,AnnualCrop
181,SeaLake
182,Forest
183,Pasture
184,AnnualCrop
185,Highway
186,Pasture
187,SeaLake
188,Industrial
189,SeaLake
190,Pasture
191,Highway
192,Residential
193,Residential
194,SeaLake
195,HerbaceousVegetation
196,AnnualCrop
197,Residential
198,AnnualCrop
199,AnnualCrop
200,Highway
201,SeaLake
202,AnnualCrop
203,Highway
204,Pasture
205,SeaLake
206,Highway
207,Highway
208,HerbaceousVegetation
209,SeaLake
210,SeaLake
211,Forest
212,PermanentCrop
213,HerbaceousVegetation
214,Forest
215,Highway
216,SeaLake
217,AnnualCrop
218,Forest
219,SeaLake
220,Forest
221,SeaLake
222,Industrial
223,HerbaceousVegetation
224,SeaLake
225,SeaLake
226,SeaLake
227,Forest
228,HerbaceousVegetation
229,Residential
230,SeaLake
231,AnnualCrop
232,River
233,River
234,HerbaceousVegetation
235,AnnualCrop
236,HerbaceousVegetation
237,SeaLake
238,River
239,Industrial
240,SeaLake
241,HerbaceousVegetation
242,River
243,Highway
244,Pasture
245,Industrial
246,AnnualCrop
247,AnnualCrop
248,SeaLake
249,Pasture
250,SeaLake
251,SeaLake
252,Industrial
253,Forest
254,Highway
255,HerbaceousVegetation
256,AnnualCrop
257,River
258,AnnualCrop
259,PermanentCrop
260,AnnualCrop
261,Pasture
262,Forest
263,SeaLake
264,Highway
265,Highway
266,SeaLake
267,AnnualCrop
268,River
269,Pasture
270,SeaLake
271,SeaLake
272,Residential
273,Industrial
274,SeaLake
275,River
276,SeaLake
277,Highway
278,HerbaceousVegetation
279,SeaLake
280,SeaLake
281,SeaLake
282,River
283,AnnualCrop
284,AnnualCrop
285,HerbaceousVegetation
286,AnnualCrop
287,Forest
288,AnnualCrop
289,Industrial
290,Pasture
291,Highway
292,SeaLake
293,PermanentCrop
294,Highway
295,SeaLake
296,HerbaceousVegetation
297,SeaLake
298,SeaLake
299,Industrial
300,SeaLake
301,Highway
302,AnnualCrop
303,Pasture
304,SeaLake
305,Highway
306,SeaLake
307,PermanentCrop
308,PermanentCrop
309,SeaLake
310,SeaLake
311,AnnualCrop
312,HerbaceousVegetation
313,SeaLake
314,AnnualCrop
315,Highway
316,PermanentCrop
317,PermanentCrop
318,SeaLake
319,AnnualCrop
320,SeaLake
321,Pasture
322,SeaLake
323,HerbaceousVegetation
324,Highway
325,SeaLake
326,River
327,SeaLake
328,HerbaceousVegetation
329,AnnualCrop
330,River
331,AnnualCrop
332,PermanentCrop
333,AnnualCrop
334,Forest
335,HerbaceousVegetation
336,SeaLake
337,River
338,PermanentCrop
339,AnnualCrop
340,PermanentCrop
341,HerbaceousVegetation
342,SeaLake
343,SeaLake
344,HerbaceousVegetation
345,SeaLake
346,Industrial
347,Pasture
348,Residential
349,SeaLake
350,AnnualCrop
351,HerbaceousVegetation
352,Highway
353,SeaLake
354,Highway
355,PermanentCrop
356,SeaLake
357,SeaLake
358,SeaLake
359,HerbaceousVegetation
360,SeaLake
361,AnnualCrop
362,River
363,Highway
364,River
365,Highway
366,HerbaceousVegetation
367,Residential
368,PermanentCrop
369,SeaLake
370,AnnualCrop
371,SeaLake
372,River
373,Residential
374,SeaLake
375,PermanentCrop
376,SeaLake
377,HerbaceousVegetation
378,HerbaceousVegetation
379,AnnualCrop
380,SeaLake
381,Highway
382,SeaLake
383,PermanentCrop
384,Industrial
385,PermanentCrop
386,HerbaceousVegetation
387,Highway
388,River
389,Highway
390,River
391,SeaLake
392,Highway
393,Forest
394,PermanentCrop
395,Highway
396,SeaLake
397,AnnualCrop
398,SeaLake
399,AnnualCrop
400,AnnualCrop
401,Highway
402,HerbaceousVegetation
403,HerbaceousVegetation
404,SeaLake
405,Pasture
406,Pasture
407,Industrial
408,AnnualCrop
409,Pasture
410,Industrial
411,Industrial
412,Residential
413,HerbaceousVegetation
414,Pasture
415,Pasture
416,Residential
417,Industrial
418,Forest
419,AnnualCrop
420,River
421,Pasture
422,Industrial
423,PermanentCrop
424,HerbaceousVegetation
425,Forest
426,AnnualCrop
427,AnnualCrop
428,Highway
429,Industrial
430,Pasture
431,HerbaceousVegetation
432,AnnualCrop
433,PermanentCrop
434,Industrial
435,SeaLake
436,River
437,River
438,SeaLake
439,HerbaceousVegetation
440,River
441,SeaLake
442,SeaLake
443,SeaLake
444,AnnualCrop
445,River
446,Highway
447,SeaLake
448,HerbaceousVegetation
449,AnnualCrop
450,River
451,SeaLake
452,SeaLake
453,River
454,Residential
455,SeaLake
456,SeaLake
457,Industrial
458,AnnualCrop
459,Residential
460,AnnualCrop
461,Highway
462,Residential
463,SeaLake
464,AnnualCrop
465,SeaLake
466,SeaLake
467,Pasture
468,Pasture
469,Highway
470,Pasture
471,SeaLake
472,Forest
473,SeaLake
474,River
475,Highway
476,Forest
477,AnnualCrop
478,SeaLake
479,AnnualCrop
480,Highway
481,SeaLake
482,River
483,HerbaceousVegetation
484,Highway
485,Industrial
486,Pasture
487,Industrial
488,SeaLake
489,HerbaceousVegetation
490,HerbaceousVegetation
491,Pasture
492,AnnualCrop
493,Highway
494,HerbaceousVegetation
495,SeaLake
496,SeaLake
497,Pasture
498,River
499,SeaLake
500,Industrial
501,River
502,Forest
503,SeaLake
504,River
505,Industrial
506,SeaLake
507,Highway
508,HerbaceousVegetation
509,Pasture
510,Industrial
511,SeaLake
512,River
513,PermanentCrop
514,SeaLake
515,HerbaceousVegetation
516,Forest
517,PermanentCrop
518,SeaLake
519,AnnualCrop
520,Highway
521,AnnualCrop
522,Pasture
523,Highway
524,AnnualCrop
525,HerbaceousVegetation
526,PermanentCrop
527,Highway
528,SeaLake
529,HerbaceousVegetation
530,Industrial
531,SeaLake
532,Highway
533,HerbaceousVegetation
534,AnnualCrop
535,PermanentCrop
536,AnnualCrop
537,SeaLake
538,Highway
539,Highway
540,Highway
541,River
542,Industrial
543,Highway
544,AnnualCrop
545,SeaLake
546,SeaLake
547,Pasture
548,Highway
549,Highway
550,Highway
551,AnnualCrop
552,AnnualCrop
553,PermanentCrop
554,SeaLake
555,AnnualCrop
556,SeaLake
557,SeaLake
558,AnnualCrop
559,River
560,SeaLake
561,Industrial
562,PermanentCrop
563,Residential
564,Industrial
565,Highway
566,PermanentCrop
567,AnnualCrop
568,AnnualCrop
569,SeaLake
570,HerbaceousVegetation
571,SeaLake
572,Forest
573,Industrial
574,HerbaceousVegetation
575,Industrial
576,Industrial
577,AnnualCrop
578,HerbaceousVegetation
579,HerbaceousVegetation
580,PermanentCrop
581,Forest
582,Residential
583,SeaLake
584,Pasture
585,AnnualCrop
586,PermanentCrop
587,Pasture
588,Pasture
589,Industrial
590,Highway
591,Industrial
592,AnnualCrop
593,Residential
594,SeaLake
595,AnnualCrop
596,SeaLake
597,SeaLake
598,SeaLake
599,AnnualCrop
600,SeaLake
601,PermanentCrop
602,Industrial
603,AnnualCrop
604,AnnualCrop
605,Residential
606,SeaLake
607,Highway
608,SeaLake
609,Forest
610,Pasture
611,AnnualCrop
612,Industrial
613,Residential
614,Residential
615,Highway
616,AnnualCrop
617,AnnualCrop
618,PermanentCrop
619,Pasture
620,SeaLake
621,Forest
622,Highway
623,AnnualCrop
624,SeaLake
625,SeaLake
626,AnnualCrop
627,Pasture
628,Industrial
629,SeaLake
630,SeaLake
631,HerbaceousVegetation
632,Highway
633,PermanentCrop
634,SeaLake
635,AnnualCrop
636,SeaLake
637,HerbaceousVegetation
638,River
639,Industrial
640,Highway
641,PermanentCrop
642,Industrial
643,AnnualCrop
644,Highway
645,Residential
646,AnnualCrop
647,PermanentCrop
648,AnnualCrop
649,River
650,SeaLake
651,AnnualCrop
652,Highway
653,River
654,AnnualCrop
655,PermanentCrop
656,Highway
657,Forest
658,SeaLake
659,River
660,SeaLake
661,SeaLake
662,Pasture
663,AnnualCrop
664,Highway
665,AnnualCrop
666,Highway
667,SeaLake
668,AnnualCrop
669,AnnualCrop
670,Residential
671,Highway
672,Pasture
673,Forest
674,SeaLake
675,SeaLake
676,Highway
677,PermanentCrop
678,Pasture
679,HerbaceousVegetation
680,Industrial
681,SeaLake
682,Pasture
683,Forest
684,Residential
685,SeaLake
686,AnnualCrop
687,PermanentCrop
688,AnnualCrop
689,HerbaceousVegetation
690,Forest
691,Pasture
692,SeaLake
693,HerbaceousVegetation
694,Industrial
695,SeaLake
696,PermanentCrop
697,AnnualCrop
698,HerbaceousVegetation
699,AnnualCrop
700,AnnualCrop
701,Pasture
702,Forest
703,HerbaceousVegetation
704,AnnualCrop
705,Pasture
706,HerbaceousVegetation
707,PermanentCrop
708,River
709,SeaLake
710,Pasture
711,HerbaceousVegetation
712,Industrial
713,HerbaceousVegetation
714,Pasture
715,SeaLake
716,Pasture
717,Highway
718,HerbaceousVegetation
719,Pasture
720,PermanentCrop
721,Industrial
722,Highway
723,Residential
724,HerbaceousVegetation
725,PermanentCrop
726,SeaLake
727,PermanentCrop
728,SeaLake
729,HerbaceousVegetation
730,River
731,AnnualCrop
732,River
733,River
734,AnnualCrop
735,Residential
736,AnnualCrop
737,SeaLake
738,HerbaceousVegetation
739,AnnualCrop
740,AnnualCrop
741,Industrial
742,SeaLake
743,AnnualCrop
744,AnnualCrop
745,River
746,SeaLake
747,HerbaceousVegetation
748,Industrial
749,Industrial
750,SeaLake
751,Residential
752,PermanentCrop
753,Highway
754,Highway
755,SeaLake
756,SeaLake
757,SeaLake
758,Forest
759,AnnualCrop
760,Highway
761,Residential
762,AnnualCrop
763,SeaLake
764,AnnualCrop
765,HerbaceousVegetation
766,HerbaceousVegetation
767,SeaLake
768,Pasture
769,AnnualCrop
770,SeaLake
771,AnnualCrop
772,Pasture
773,SeaLake
774,SeaLake
775,HerbaceousVegetation
776,Highway
777,SeaLake
778,HerbaceousVegetation
779,Industrial
780,AnnualCrop
781,Forest
782,SeaLake
783,HerbaceousVegetation
784,AnnualCrop
785,SeaLake
786,River
787,Highway
788,Highway
789,PermanentCrop
790,Residential
791,SeaLake
792,AnnualCrop
793,AnnualCrop
794,Residential
795,PermanentCrop
796,HerbaceousVegetation
797,SeaLake
798,SeaLake
799,Forest
800,Pasture
801,Forest
802,HerbaceousVegetation
803,PermanentCrop
804,HerbaceousVegetation
805,AnnualCrop
806,Forest
807,River
808,PermanentCrop
809,AnnualCrop
810,PermanentCrop
811,HerbaceousVegetation
812,AnnualCrop
813,Industrial
814,SeaLake
815,SeaLake
816,SeaLake
817,Highway
818,HerbaceousVegetation
819,Residential
820,AnnualCrop
821,Industrial
822,SeaLake
823,Pasture
824,SeaLake
825,River
826,River
827,HerbaceousVegetation
828,SeaLake
829,SeaLake
830,Highway
831,Highway
832,Forest
833,River
834,Highway
835,River
836,PermanentCrop
837,Highway
838,Forest
839,Highway
840,SeaLake
841,Highway
842,SeaLake
843,Highway
844,River
845,SeaLake
846,SeaLake
847,PermanentCrop
848,HerbaceousVegetation
849,Residential
850,AnnualCrop
851,Industrial
852,AnnualCrop
853,SeaLake
854,Residential
855,Highway
856,HerbaceousVegetation
857,SeaLake
858,Industrial
859,Pasture
860,SeaLake
861,Highway
862,Highway
863,PermanentCrop
864,Pasture
865,SeaLake
866,AnnualCrop
867,SeaLake
868,Forest
869,SeaLake
870,AnnualCrop
871,Residential
872,Industrial
873,Industrial
874,AnnualCrop
875,PermanentCrop
876,Industrial
877,Highway
878,River
879,Pasture
880,HerbaceousVegetation
881,River
882,Industrial
883,HerbaceousVegetation
884,SeaLake
885,Highway
886,AnnualCrop
887,SeaLake
888,Highway
889,SeaLake
890,Residential
891,River
892,Highway
893,SeaLake
894,AnnualCrop
895,River
896,Industrial
897,Industrial
898,Highway
899,SeaLake
900,PermanentCrop
901,Forest
902,Highway
903,River
904,Forest
905,SeaLake
906,AnnualCrop
907,SeaLake
908,HerbaceousVegetation
909,SeaLake
910,SeaLake
911,Industrial
912,Highway
913,HerbaceousVegetation
914,HerbaceousVegetation
915,AnnualCrop
916,Pasture
917,SeaLake
918,River
919,SeaLake
920,SeaLake
921,SeaLake
922,Highway
923,SeaLake
924,AnnualCrop
925,Highway
926,Forest
927,Pasture
928,AnnualCrop
929,HerbaceousVegetation
930,HerbaceousVegetation
931,SeaLake
932,AnnualCrop
933,PermanentCrop
934,Pasture
935,SeaLake
936,AnnualCrop
937,Pasture
938,SeaLake
939,SeaLake
940,HerbaceousVegetation
941,Highway
942,HerbaceousVegetation
943,AnnualCrop
944,Forest
945,Residential
946,Forest
947,Pasture
948,SeaLake
949,Forest
950,PermanentCrop
951,SeaLake
952,River
953,AnnualCrop
954,River
955,SeaLake
956,SeaLake
957,HerbaceousVegetation
958,PermanentCrop
959,HerbaceousVegetation
960,SeaLake
961,AnnualCrop
962,Highway
963,Pasture
964,SeaLake
965,AnnualCrop
966,SeaLake
967,AnnualCrop
968,River
969,Forest
970,Residential
971,SeaLake
972,Industrial
973,Highway
974,PermanentCrop
975,SeaLake
976,SeaLake
977,HerbaceousVegetation
978,SeaLake
979,River
980,Industrial
981,Pasture
982,AnnualCrop
983,HerbaceousVegetation
984,AnnualCrop
985,PermanentCrop
986,River
987,HerbaceousVegetation
988,AnnualCrop
989,PermanentCrop
990,HerbaceousVegetation
991,SeaLake
992,SeaLake
993,HerbaceousVegetation
994,SeaLake
995,Residential
996,SeaLake
997,HerbaceousVegetation
998,AnnualCrop
999,SeaLake
1000,Highway
1001,SeaLake
1002,AnnualCrop
1003,AnnualCrop
1004,SeaLake
1005,SeaLake
1006,SeaLake
1007,Pasture
1008,AnnualCrop
1009,Pasture
1010,Pasture
1011,Industrial
1012,Industrial
1013,SeaLake
1014,Industrial
1015,SeaLake
1016,HerbaceousVegetation
1017,HerbaceousVegetation
1018,Pasture
1019,AnnualCrop
1020,SeaLake
1021,AnnualCrop
1022,PermanentCrop
1023,Residential
1024,SeaLake
1025,Highway
1026,River
1027,Pasture
1028,SeaLake
1029,Highway
1030,Industrial
1031,AnnualCrop
1032,SeaLake
1033,SeaLake
1034,SeaLake
1035,Forest
1036,Forest
1037,Highway
1038,Residential
1039,AnnualCrop
1040,HerbaceousVegetation
1041,SeaLake
1042,HerbaceousVegetation
1043,River
1044,River
1045,PermanentCrop
1046,SeaLake
1047,SeaLake
1048,Highway
1049,Industrial
1050,SeaLake
1051,River
1052,AnnualCrop
1053,HerbaceousVegetation
1054,SeaLake
1055,AnnualCrop
1056,AnnualCrop
1057,SeaLake
1058,SeaLake
1059,AnnualCrop
1060,Highway
1061,Pasture
1062,SeaLake
1063,PermanentCrop
1064,River
1065,HerbaceousVegetation
1066,River
1067,River
1068,HerbaceousVegetation
1069,SeaLake
1070,HerbaceousVegetation
1071,Highway
1072,Industrial
1073,Residential
1074,Forest
1075,PermanentCrop
1076,Forest
1077,SeaLake
1078,Highway
1079,Industrial
1080,Forest
1081,HerbaceousVegetation
1082,HerbaceousVegetation
1083,Forest
1084,AnnualCrop
1085,HerbaceousVegetation
1086,AnnualCrop
1087,AnnualCrop
1088,HerbaceousVegetation
1089,Highway
1090,PermanentCrop
1091,Highway
1092,Pasture
1093,AnnualCrop
1094,SeaLake
1095,HerbaceousVegetation
1096,SeaLake
1097,SeaLake
1098,Residential
1099,River
1100,SeaLake
1101,River
1102,PermanentCrop
1103,AnnualCrop
1104,PermanentCrop
1105,SeaLake
1106,Highway
1107,PermanentCrop
1108,SeaLake
1109,Pasture
1110,HerbaceousVegetation
1111,AnnualCrop
1112,Pasture
1113,HerbaceousVegetation
1114,HerbaceousVegetation
1115,Forest
1116,AnnualCrop
1117,Highway
1118,AnnualCrop
1119,Pasture
1120,Forest
1121,River
1122,AnnualCrop
1123,Pasture
1124,Highway
1125,Industrial
1126,Industrial
1127,Highway
1128,Industrial
1129,Residential
1130,River
1131,SeaLake
1132,Pasture
1133,Highway
1134,Pasture
1135,Industrial
1136,Highway
1137,Pasture
1138,SeaLake
1139,River
1140,AnnualCrop
1141,SeaLake
1142,PermanentCrop
1143,SeaLake
1144,Forest
1145,Pasture
1146,Industrial
1147,HerbaceousVegetation
1148,Highway
1149,Highway
1150,Residential
1151,Highway
1152,AnnualCrop
1153,SeaLake
1154,Forest
1155,PermanentCrop
1156,Pasture
1157,River
1158,SeaLake
1159,HerbaceousVegetation
1160,AnnualCrop
1161,Highway
1162,Highway
1163,AnnualCrop
1164,SeaLake
1165,HerbaceousVegetation
1166,Pasture
1167,Industrial
1168,PermanentCrop
1169,Industrial
1170,SeaLake
1171,Highway
1172,Pasture
1173,Pasture
1174,AnnualCrop
1175,AnnualCrop
1176,Pasture
1177,Forest
1178,Highway
1179,Highway
1180,PermanentCrop
1181,River
1182,Highway
1183,SeaLake
1184,Industrial
1185,Industrial
1186,Residential
1187,Pasture
1188,Forest
1189,HerbaceousVegetation
1190,AnnualCrop
1191,SeaLake
1192,Highway
1193,AnnualCrop
1194,River
1195,Industrial
1196,SeaLake
1197,SeaLake
1198,Highway
1199,Highway
1200,SeaLake
1201,AnnualCrop
1202,SeaLake
1203,HerbaceousVegetation
1204,SeaLake
1205,Pasture
1206,AnnualCrop
1207,PermanentCrop
1208,HerbaceousVegetation
1209,Pasture
1210,PermanentCrop
1211,AnnualCrop
1212,Pasture
1213,Industrial
1214,HerbaceousVegetation
1215,Pasture
1216,SeaLake
1217,SeaLake
1218,Industrial
1219,Highway
1220,Industrial
1221,SeaLake
1222,HerbaceousVegetation
1223,SeaLake
1224,River
1225,SeaLake
1226,AnnualCrop
1227,River
1228,AnnualCrop
1229,AnnualCrop
1230,River
1231,PermanentCrop
1232,SeaLake
1233,Forest
1234,Highway
1235,Forest
1236,Highway
1237,AnnualCrop
1238,Highway
1239,Pasture
1240,AnnualCrop
1241,SeaLake
1242,Highway
1243,Forest
1244,Highway
1245,SeaLake
1246,SeaLake
1247,Pasture
1248,Highway
1249,HerbaceousVegetation
1250,Highway
1251,Industrial
1252,Pasture
1253,SeaLake
1254,AnnualCrop
1255,Forest
1256,SeaLake
1257,AnnualCrop
1258,AnnualCrop
1259,SeaLake
1260,Forest
1261,HerbaceousVegetation
1262,HerbaceousVegetation
1263,Industrial
1264,Highway
1265,River
1266,AnnualCrop
1267,Pasture
1268,HerbaceousVegetation
1269,Residential
1270,Forest
1271,River
1272,River
1273,Highway
1274,Highway
1275,AnnualCrop
1276,AnnualCrop
1277,Pasture
1278,River
1279,SeaLake
1280,HerbaceousVegetation
1281,SeaLake
1282,SeaLake
1283,HerbaceousVegetation
1284,Highway
1285,SeaLake
1286,River
1287,AnnualCrop
1288,River
1289,Residential
1290,Forest
1291,Residential
1292,SeaLake
1293,SeaLake
1294,SeaLake
1295,PermanentCrop
1296,HerbaceousVegetation
1297,Highway
1298,AnnualCrop
1299,Forest
1300,Residential
1301,SeaLake
1302,AnnualCrop
1303,Residential
1304,SeaLake
1305,Forest
1306,Pasture
1307,River
1308,Pasture
1309,PermanentCrop
1310,Highway
1311,SeaLake
1312,Pasture
1313,AnnualCrop
1314,Forest
1315,AnnualCrop
1316,Pasture
1317,HerbaceousVegetation
1318,AnnualCrop
1319,SeaLake
1320,Forest
1321,SeaLake
1322,SeaLake
1323,SeaLake
1324,HerbaceousVegetation
1325,Industrial
1326,Industrial
1327,Highway
1328,Residential
1329,Highway
1330,SeaLake
1331,SeaLake
1332,SeaLake
1333,SeaLake
1334,Residential
1335,Residential
1336,Pasture
1337,PermanentCrop
1338,Forest
1339,HerbaceousVegetation
1340,River
1341,SeaLake
1342,SeaLake
1343,PermanentCrop
1344,PermanentCrop
1345,SeaLake
1346,PermanentCrop
1347,Pasture
1348,AnnualCrop
1349,SeaLake
1350,Pasture
1351,SeaLake
1352,AnnualCrop
1353,PermanentCrop
1354,River
1355,PermanentCrop
1356,SeaLake
1357,HerbaceousVegetation
1358,HerbaceousVegetation
1359,AnnualCrop
1360,HerbaceousVegetation
1361,River
1362,Pasture
1363,SeaLake
1364,HerbaceousVegetation
1365,SeaLake
1366,Pasture
1367,AnnualCrop
1368,Residential
1369,SeaLake
1370,River
1371,PermanentCrop
1372,AnnualCrop
1373,PermanentCrop
1374,River
1375,AnnualCrop
1376,Highway
1377,SeaLake
1378,AnnualCrop
1379,AnnualCrop
1380,SeaLake
1381,PermanentCrop
1382,Pasture
1383,Highway
1384,Industrial
1385,AnnualCrop
1386,PermanentCrop
1387,SeaLake
1388,PermanentCrop
1389,Highway
1390,Highway
1391,SeaLake
1392,SeaLake
1393,SeaLake
1394,AnnualCrop
1395,PermanentCrop
1396,SeaLake
1397,Highway
1398,Industrial
1399,AnnualCrop
1400,Industrial
1401,PermanentCrop
1402,Industrial
1403,Industrial
1404,AnnualCrop
1405,Highway
1406,Forest
1407,AnnualCrop
1408,SeaLake
1409,HerbaceousVegetation
1410,AnnualCrop
1411,SeaLake
1412,PermanentCrop
1413,PermanentCrop
1414,Highway
1415,AnnualCrop
1416,HerbaceousVegetation
1417,Highway
1418,SeaLake
1419,AnnualCrop
1420,Industrial
1421,River
1422,AnnualCrop
1423,SeaLake
1424,AnnualCrop
1425,SeaLake
1426,Pasture
1427,Industrial
1428,SeaLake
1429,SeaLake
1430,River
1431,HerbaceousVegetation
1432,HerbaceousVegetation
1433,SeaLake
1434,AnnualCrop
1435,AnnualCrop
1436,Highway
1437,River
1438,SeaLake
1439,Industrial
1440,Highway
1441,AnnualCrop
1442,HerbaceousVegetation
1443,Highway
1444,Highway
1445,AnnualCrop
1446,Highway
1447,Industrial
1448,AnnualCrop
1449,Forest
1450,PermanentCrop
1451,Highway
1452,Industrial
1453,Forest
1454,SeaLake
1455,AnnualCrop
1456,Industrial
1457,Forest
1458,SeaLake
1459,River
1460,Highway
1461,Residential
1462,SeaLake
1463,Highway
1464,HerbaceousVegetation
1465,Forest
1466,Highway
1467,SeaLake
1468,Highway
1469,SeaLake
1470,SeaLake
1471,SeaLake
1472,Pasture
1473,HerbaceousVegetation
1474,AnnualCrop
1475,HerbaceousVegetation
1476,Industrial
1477,Highway
1478,River
1479,Highway
1480,River
1481,SeaLake
1482,SeaLake
1483,SeaLake
1484,AnnualCrop
1485,AnnualCrop
1486,Industrial
1487,SeaLake
1488,Industrial
1489,River
1490,PermanentCrop
1491,River
1492,Residential
1493,Industrial
1494,PermanentCrop
1495,SeaLake
1496,AnnualCrop
1497,SeaLake
1498,AnnualCrop
1499,SeaLake
1500,PermanentCrop
1501,AnnualCrop
1502,AnnualCrop
1503,AnnualCrop
1504,SeaLake
1505,PermanentCrop
1506,SeaLake
1507,AnnualCrop
1508,Highway
1509,Pasture
1510,PermanentCrop
1511,AnnualCrop
1512,River
1513,AnnualCrop
1514,River
1515,Industrial
1516,HerbaceousVegetation
1517,SeaLake
1518,AnnualCrop
1519,Forest
1520,SeaLake
1521,Industrial
1522,PermanentCrop
1523,Forest
1524,Pasture
1525,Highway
1526,Highway
1527,Highway
1528,AnnualCrop
1529,PermanentCrop
1530,Forest
1531,AnnualCrop
1532,SeaLake
1533,SeaLake
1534,Pasture
1535,SeaLake
1536,AnnualCrop
1537,Residential
1538,SeaLake
1539,SeaLake
1540,HerbaceousVegetation
1541,PermanentCrop
1542,HerbaceousVegetation
1543,AnnualCrop
1544,River
1545,SeaLake
1546,SeaLake
1547,AnnualCrop
1548,Industrial
1549,AnnualCrop
1550,SeaLake
1551,Highway
1552,Industrial
1553,River
1554,Pasture
1555,Forest
1556,Forest
1557,SeaLake
1558,AnnualCrop
1559,Highway
1560,PermanentCrop
1561,AnnualCrop
1562,SeaLake
1563,PermanentCrop
1564,River
1565,AnnualCrop
1566,Forest
1567,Pasture
1568,Industrial
1569,Residential
1570,SeaLake
1571,Residential
1572,Pasture
1573,Forest
1574,Highway
1575,SeaLake
1576,PermanentCrop
1577,Forest
1578,SeaLake
1579,River
1580,AnnualCrop
1581,Highway
1582,Highway
1583,AnnualCrop
1584,River
1585,Residential
1586,Industrial
1587,AnnualCrop
1588,SeaLake
1589,Highway
1590,Residential
1591,Pasture
1592,River
1593,HerbaceousVegetation
1594,SeaLake
1595,AnnualCrop
1596,AnnualCrop
1597,Forest
1598,Highway
1599,PermanentCrop
1600,Highway
1601,HerbaceousVegetation
1602,River
1603,Pasture
1604,SeaLake
1605,SeaLake
1606,PermanentCrop
1607,SeaLake
1608,AnnualCrop
1609,AnnualCrop
1610,River
1611,AnnualCrop
1612,Industrial
1613,PermanentCrop
1614,PermanentCrop
1615,SeaLake
1616,Highway
1617,PermanentCrop
1618,SeaLake
1619,AnnualCrop
1620,Highway
1621,Highway
1622,PermanentCrop
1623,SeaLake
1624,Forest
1625,Highway
1626,SeaLake
1627,Highway
1628,Highway
1629,SeaLake
1630,PermanentCrop
1631,SeaLake
1632,AnnualCrop
1633,River
1634,AnnualCrop
1635,River
1636,PermanentCrop
1637,AnnualCrop
1638,SeaLake
1639,AnnualCrop
1640,River
1641,SeaLake
1642,SeaLake
1643,Pasture
1644,HerbaceousVegetation
1645,Forest
1646,PermanentCrop
1647,AnnualCrop
1648,Highway
1649,Highway
1650,AnnualCrop
1651,HerbaceousVegetation
1652,SeaLake
1653,Residential
1654,Highway
1655,River
1656,SeaLake
1657,PermanentCrop
1658,Highway
1659,Residential
1660,PermanentCrop
1661,PermanentCrop
1662,HerbaceousVegetation
1663,Highway
1664,SeaLake
1665,Industrial
1666,Industrial
1667,SeaLake
1668,PermanentCrop
1669,Highway
1670,SeaLake
1671,Residential
1672,Pasture
1673,AnnualCrop
1674,AnnualCrop
1675,Forest
1676,River
1677,SeaLake
1678,AnnualCrop
1679,AnnualCrop
1680,SeaLake
1681,Industrial
1682,SeaLake
1683,AnnualCrop
1684,Forest
1685,Highway
1686,Residential
1687,Highway
1688,Highway
1689,AnnualCrop
1690,Industrial
1691,Forest
1692,Residential
1693,SeaLake
1694,SeaLake
1695,AnnualCrop
1696,SeaLake
1697,AnnualCrop
1698,AnnualCrop
1699,HerbaceousVegetation
1700,Industrial
1701,PermanentCrop
1702,Forest
1703,Residential
1704,SeaLake
1705,SeaLake
1706,AnnualCrop
1707,Industrial
1708,SeaLake
1709,HerbaceousVegetation
1710,River
1711,AnnualCrop
1712,SeaLake
1713,SeaLake
1714,SeaLake
1715,AnnualCrop
1716,AnnualCrop
1717,AnnualCrop
1718,Pasture
1719,Pasture
1720,Highway
1721,SeaLake
1722,AnnualCrop
1723,PermanentCrop
1724,Residential
1725,Pasture
1726,PermanentCrop
1727,River
1728,AnnualCrop
1729,AnnualCrop
1730,Highway
1731,PermanentCrop
1732,AnnualCrop
1733,Pasture
1734,HerbaceousVegetation
1735,PermanentCrop
1736,Industrial
1737,Forest
1738,AnnualCrop
1739,AnnualCrop
1740,Highway
1741,SeaLake
1742,Highway
1743,HerbaceousVegetation
1744,SeaLake
1745,Pasture
1746,Highway
1747,HerbaceousVegetation
1748,Pasture
1749,River
1750,Highway
1751,AnnualCrop
1752,Residential
1753,Residential
1754,Forest
1755,AnnualCrop
1756,HerbaceousVegetation
1757,SeaLake
1758,Forest
1759,Highway
1760,Highway
1761,AnnualCrop
1762,AnnualCrop
1763,PermanentCrop
1764,HerbaceousVegetation
1765,Industrial
1766,Pasture
1767,SeaLake
1768,AnnualCrop
1769,HerbaceousVegetation
1770,Forest
1771,AnnualCrop
1772,SeaLake
1773,Forest
1774,HerbaceousVegetation
1775,SeaLake
1776,Pasture
1777,River
1778,Forest
1779,Highway
1780,SeaLake
1781,River
1782,Pasture
1783,PermanentCrop
1784,Highway
1785,HerbaceousVegetation
1786,PermanentCrop
1787,SeaLake
1788,Industrial
1789,Highway
1790,Residential
1791,PermanentCrop
1792,AnnualCrop
1793,PermanentCrop
1794,Highway
1795,Residential
1796,SeaLake
1797,PermanentCrop
1798,River
1799,Forest
1800,AnnualCrop
1801,AnnualCrop
1802,Residential
1803,AnnualCrop
1804,SeaLake
1805,AnnualCrop
1806,River
1807,Highway
1808,AnnualCrop
1809,AnnualCrop
1810,SeaLake
1811,Highway
1812,SeaLake
1813,PermanentCrop
1814,PermanentCrop
1815,Residential
1816,AnnualCrop
1817,AnnualCrop
1818,AnnualCrop
1819,Industrial
1820,Pasture
1821,AnnualCrop
1822,SeaLake
1823,SeaLake
1824,Highway
1825,HerbaceousVegetation
1826,Industrial
1827,HerbaceousVegetation
1828,PermanentCrop
1829,SeaLake
1830,AnnualCrop
1831,Residential
1832,Forest
1833,HerbaceousVegetation
1834,PermanentCrop
1835,PermanentCrop
1836,SeaLake
1837,Industrial
1838,Pasture
1839,Industrial
1840,AnnualCrop
1841,AnnualCrop
1842,Forest
1843,SeaLake
1844,PermanentCrop
1845,HerbaceousVegetation
1846,Industrial
1847,HerbaceousVegetation
1848,River
1849,Highway
1850,Highway
1851,Highway
1852,PermanentCrop
1853,Highway
1854,AnnualCrop
1855,SeaLake
1856,SeaLake
1857,AnnualCrop
1858,AnnualCrop
1859,PermanentCrop
1860,PermanentCrop
1861,SeaLake
1862,Highway
1863,Forest
1864,AnnualCrop
1865,Forest
1866,Highway
1867,River
1868,River
1869,Pasture
1870,Residential
1871,HerbaceousVegetation
1872,Pasture
1873,Residential
1874,Highway
1875,AnnualCrop
1876,River
1877,Highway
1878,SeaLake
1879,SeaLake
1880,Forest
1881,AnnualCrop
1882,Industrial
1883,AnnualCrop
1884,SeaLake
1885,Forest
1886,AnnualCrop
1887,Pasture
1888,HerbaceousVegetation
1889,SeaLake
1890,HerbaceousVegetation
1891,Residential
1892,Highway
1893,SeaLake
1894,SeaLake
1895,Pasture
1896,Forest
1897,PermanentCrop
1898,Highway
1899,Highway
1900,SeaLake
1901,Pasture
1902,SeaLake
1903,SeaLake
1904,AnnualCrop
1905,Forest
1906,SeaLake
1907,SeaLake
1908,Residential
1909,SeaLake
1910,Highway
1911,Pasture
1912,Highway
1913,SeaLake
1914,Industrial
1915,Pasture
1916,SeaLake
1917,AnnualCrop
1918,Highway
1919,AnnualCrop
1920,Industrial
1921,SeaLake
1922,HerbaceousVegetation
1923,SeaLake
1924,Industrial
1925,SeaLake
1926,Industrial
1927,AnnualCrop
1928,HerbaceousVegetation
1929,SeaLake
1930,HerbaceousVegetation
1931,Forest
1932,SeaLake
1933,SeaLake
1934,Industrial
1935,PermanentCrop
1936,AnnualCrop
1937,SeaLake
1938,Forest
1939,River
1940,Residential
1941,SeaLake
1942,Residential
1943,SeaLake
1944,AnnualCrop
1945,SeaLake
1946,River
1947,Residential
1948,AnnualCrop
1949,Pasture
1950,AnnualCrop
1951,Industrial
1952,Highway
1953,Forest
1954,Highway
1955,HerbaceousVegetation
1956,SeaLake
1957,Highway
1958,River
1959,River
1960,SeaLake
1961,AnnualCrop
1962,Industrial
1963,AnnualCrop
1964,HerbaceousVegetation
1965,AnnualCrop
1966,Residential
1967,AnnualCrop
1968,SeaLake
1969,AnnualCrop
1970,AnnualCrop
1971,AnnualCrop
1972,PermanentCrop
1973,River
1974,PermanentCrop
1975,AnnualCrop
1976,HerbaceousVegetation
1977,AnnualCrop
1978,HerbaceousVegetation
1979,Highway
1980,Residential
1981,Forest
1982,SeaLake
1983,SeaLake
1984,Forest
1985,SeaLake
1986,River
1987,PermanentCrop
1988,Highway
1989,AnnualCrop
1990,AnnualCrop
1991,Residential
1992,SeaLake
1993,AnnualCrop
1994,AnnualCrop
1995,Highway
1996,Industrial
1997,Industrial
1998,AnnualCrop
1999,Forest
2000,River
2001,PermanentCrop
2002,Residential
2003,AnnualCrop
2004,Industrial
2005,HerbaceousVegetation
2006,AnnualCrop
2007,Highway
2008,AnnualCrop
2009,SeaLake
2010,SeaLake
2011,Forest
2012,Highway
2013,Residential
2014,SeaLake
2015,Forest
2016,Forest
2017,Highway
2018,Industrial
2019,Highway
2020,Forest
2021,SeaLake
2022,River
2023,SeaLake
2024,HerbaceousVegetation
2025,River
2026,SeaLake
2027,SeaLake
2028,Industrial
2029,Residential
2030,Pasture
2031,HerbaceousVegetation
2032,SeaLake
2033,SeaLake
2034,Pasture
2035,AnnualCrop
2036,Forest
2037,SeaLake
2038,SeaLake
2039,River
2040,AnnualCrop
2041,PermanentCrop
2042,AnnualCrop
2043,Highway
2044,SeaLake
2045,Forest
2046,SeaLake
2047,Highway
2048,HerbaceousVegetation
2049,HerbaceousVegetation
2050,Highway
2051,Highway
2052,Forest
2053,Highway
2054,SeaLake
2055,Residential
2056,Highway
2057,River
2058,Industrial
2059,AnnualCrop
2060,Pasture
2061,SeaLake
2062,PermanentCrop
2063,Residential
2064,SeaLake
2065,SeaLake
2066,Forest
2067,SeaLake
2068,Highway
2069,Highway
2070,Highway
2071,Residential
2072,AnnualCrop
2073,Highway
2074,Highway
2075,PermanentCrop
2076,PermanentCrop
2077,River
2078,SeaLake
2079,SeaLake
2080,Pasture
2081,Industrial
2082,Forest
2083,River
2084,Residential
2085,HerbaceousVegetation
2086,AnnualCrop
2087,Highway
2088,SeaLake
2089,HerbaceousVegetation
2090,River
2091,SeaLake
2092,AnnualCrop
2093,AnnualCrop
2094,Highway
2095,Industrial
2096,Highway
2097,Residential
2098,AnnualCrop
2099,AnnualCrop
2100,Forest
2101,AnnualCrop
2102,River
2103,Highway
2104,SeaLake
2105,HerbaceousVegetation
2106,AnnualCrop
2107,SeaLake
2108,HerbaceousVegetation
2109,SeaLake
2110,SeaLake
2111,AnnualCrop
2112,SeaLake
2113,HerbaceousVegetation
2114,River
2115,Industrial
2116,River
2117,Industrial
2118,Residential
2119,SeaLake
2120,PermanentCrop
2121,River
2122,Highway
2123,AnnualCrop
2124,AnnualCrop
2125,PermanentCrop
2126,SeaLake
2127,Industrial
2128,SeaLake
2129,Industrial
2130,SeaLake
2131,PermanentCrop
2132,SeaLake
2133,SeaLake
2134,PermanentCrop
2135,AnnualCrop
2136,HerbaceousVegetation
2137,Pasture
2138,Industrial
2139,River
2140,Forest
2141,Pasture
2142,AnnualCrop
2143,Forest
2144,Residential
2145,SeaLake
2146,AnnualCrop
2147,PermanentCrop
2148,PermanentCrop
2149,PermanentCrop
2150,HerbaceousVegetation
2151,SeaLake
2152,AnnualCrop
2153,AnnualCrop
2154,PermanentCrop
2155,Pasture
2156,PermanentCrop
2157,SeaLake
2158,PermanentCrop
2159,SeaLake
2160,SeaLake
2161,Forest
2162,AnnualCrop
2163,AnnualCrop
2164,SeaLake
2165,AnnualCrop
2166,Highway
2167,Forest
2168,Forest
2169,AnnualCrop
2170,Highway
2171,SeaLake
2172,Industrial
2173,Industrial
2174,SeaLake
2175,SeaLake
2176,Forest
2177,HerbaceousVegetation
2178,SeaLake
2179,AnnualCrop
2180,AnnualCrop
2181,Residential
2182,SeaLake
2183,Highway
2184,SeaLake
2185,HerbaceousVegetation
2186,PermanentCrop
2187,SeaLake
2188,AnnualCrop
2189,SeaLake
2190,Highway
2191,AnnualCrop
2192,River
2193,AnnualCrop
2194,PermanentCrop
2195,AnnualCrop
2196,SeaLake
2197,HerbaceousVegetation
2198,Highway
2199,HerbaceousVegetation
2200,Residential
2201,AnnualCrop
2202,Highway
2203,SeaLake
2204,SeaLake
2205,Highway
2206,Residential
2207,Residential
2208,HerbaceousVegetation
2209,SeaLake
2210,SeaLake
2211,River
2212,AnnualCrop
2213,SeaLake
2214,Forest
2215,AnnualCrop
2216,AnnualCrop
2217,HerbaceousVegetation
2218,PermanentCrop
2219,HerbaceousVegetation
2220,River
2221,SeaLake
2222,Industrial
2223,Highway
2224,Highway
2225,Pasture
2226,PermanentCrop
2227,SeaLake
2228,PermanentCrop
2229,Residential
2230,Highway
2231,SeaLake
2232,Pasture
2233,AnnualCrop
2234,AnnualCrop
2235,AnnualCrop
2236,PermanentCrop
2237,AnnualCrop
2238,Forest
2239,SeaLake
2240,River
2241,Industrial
2242,PermanentCrop
2243,SeaLake
2244,Forest
2245,Industrial
2246,SeaLake
2247,AnnualCrop
2248,SeaLake
2249,SeaLake
2250,River
2251,AnnualCrop
2252,Forest
2253,River
2254,SeaLake
2255,Pasture
2256,AnnualCrop
2257,Highway
2258,Highway
2259,AnnualCrop
2260,SeaLake
2261,SeaLake
2262,AnnualCrop
2263,AnnualCrop
2264,SeaLake
2265,PermanentCrop
2266,SeaLake
2267,Pasture
2268,SeaLake
2269,SeaLake
2270,SeaLake
2271,SeaLake
2272,Highway
2273,HerbaceousVegetation
2274,HerbaceousVegetation
2275,Highway
2276,AnnualCrop
2277,AnnualCrop
2278,Highway
2279,HerbaceousVegetation
2280,Forest
2281,HerbaceousVegetation
2282,PermanentCrop
2283,Forest
2284,SeaLake
2285,Highway
2286,PermanentCrop
2287,HerbaceousVegetation
2288,Highway
2289,AnnualCrop
2290,SeaLake
2291,PermanentCrop
2292,PermanentCrop
2293,HerbaceousVegetation
2294,PermanentCrop
2295,Highway
2296,HerbaceousVegetation
2297,Industrial
2298,Highway
2299,AnnualCrop
2300,SeaLake
2301,Pasture
2302,River
2303,Pasture
2304,HerbaceousVegetation
2305,SeaLake
2306,AnnualCrop
2307,HerbaceousVegetation
2308,Residential
2309,AnnualCrop
2310,HerbaceousVegetation
2311,Pasture
2312,SeaLake
2313,HerbaceousVegetation
2314,HerbaceousVegetation
2315,Highway
2316,Forest
2317,AnnualCrop
2318,SeaLake
2319,Residential
2320,Industrial
2321,AnnualCrop
2322,SeaLake
2323,AnnualCrop
2324,River
2325,Highway
2326,SeaLake
2327,AnnualCrop
2328,PermanentCrop
2329,Highway
2330,SeaLake
2331,Highway
2332,HerbaceousVegetation
2333,Pasture
2334,AnnualCrop
2335,AnnualCrop
2336,Industrial
2337,Residential
2338,PermanentCrop
2339,Highway
2340,Industrial
2341,Industrial
2342,Highway
2343,Forest
2344,SeaLake
2345,Highway
2346,PermanentCrop
2347,SeaLake
2348,River
2349,River
2350,SeaLake
2351,Highway
2352,Highway
2353,Highway
2354,Pasture
2355,Forest
2356,Residential
2357,SeaLake
2358,SeaLake
2359,Highway
2360,Forest
2361,Highway
2362,River
2363,AnnualCrop
2364,SeaLake
2365,HerbaceousVegetation
2366,PermanentCrop
2367,SeaLake
2368,AnnualCrop
2369,PermanentCrop
2370,Highway
2371,HerbaceousVegetation
2372,Pasture
2373,SeaLake
2374,SeaLake
2375,SeaLake
2376,AnnualCrop
2377,SeaLake
2378,Highway
2379,River
2380,Industrial
2381,Highway
2382,Forest
2383,Highway
2384,HerbaceousVegetation
2385,Forest
2386,PermanentCrop
2387,HerbaceousVegetation
2388,SeaLake
2389,Industrial
2390,Industrial
2391,Forest
2392,PermanentCrop
2393,SeaLake
2394,HerbaceousVegetation
2395,Highway
2396,HerbaceousVegetation
2397,SeaLake
2398,PermanentCrop
2399,SeaLake
2400,AnnualCrop
2401,SeaLake
2402,SeaLake
2403,SeaLake
2404,AnnualCrop
2405,Pasture
2406,Residential
2407,SeaLake
2408,PermanentCrop
2409,AnnualCrop
2410,Highway
2411,AnnualCrop
2412,AnnualCrop
2413,AnnualCrop
2414,SeaLake
2415,Industrial
2416,HerbaceousVegetation
2417,Highway
2418,SeaLake
2419,HerbaceousVegetation
2420,Industrial
2421,AnnualCrop
2422,Highway
2423,Highway
2424,Highway
2425,Industrial
2426,Forest
2427,SeaLake
2428,HerbaceousVegetation
2429,SeaLake
2430,PermanentCrop
2431,Forest
2432,Highway
2433,Highway
2434,AnnualCrop
2435,SeaLake
2436,PermanentCrop
2437,PermanentCrop
2438,Highway
2439,Pasture
2440,SeaLake
2441,HerbaceousVegetation
2442,Highway
2443,AnnualCrop
2444,SeaLake
2445,Residential
2446,AnnualCrop
2447,River
2448,SeaLake
2449,Forest
2450,Pasture
2451,AnnualCrop
2452,SeaLake
2453,River
2454,Highway
2455,Highway
2456,SeaLake
2457,SeaLake
2458,HerbaceousVegetation
2459,SeaLake
2460,SeaLake
2461,SeaLake
2462,PermanentCrop
2463,Highway
2464,Residential
2465,Industrial
2466,SeaLake
2467,HerbaceousVegetation
2468,River
2469,AnnualCrop
2470,Highway
2471,River
2472,SeaLake
2473,Highway
2474,SeaLake
2475,Highway
2476,HerbaceousVegetation
2477,AnnualCrop
2478,Highway
2479,SeaLake
2480,SeaLake
2481,HerbaceousVegetation
2482,SeaLake
2483,Highway
2484,Industrial
2485,Highway
2486,AnnualCrop
2487,Forest
2488,SeaLake
2489,SeaLake
2490,Pasture
2491,HerbaceousVegetation
2492,River
2493,AnnualCrop
2494,Forest
2495,SeaLake
2496,Highway
2497,Industrial
2498,SeaLake
2499,SeaLake
2500,Residential
2501,SeaLake
2502,Highway
2503,Highway
2504,HerbaceousVegetation
2505,AnnualCrop
2506,AnnualCrop
2507,Pasture
2508,Pasture
2509,SeaLake
2510,AnnualCrop
2511,SeaLake
2512,SeaLake
2513,SeaLake
2514,River
2515,AnnualCrop
2516,Pasture
2517,HerbaceousVegetation
2518,Highway
2519,AnnualCrop
2520,River
2521,Forest
2522,Pasture
2523,AnnualCrop
2524,SeaLake
2525,SeaLake
2526,Pasture
2527,River
2528,Pasture
2529,SeaLake
2530,SeaLake
2531,AnnualCrop
2532,HerbaceousVegetation
2533,SeaLake
2534,SeaLake
2535,SeaLake
2536,Residential
2537,SeaLake
2538,Highway
2539,Highway
2540,AnnualCrop
2541,SeaLake
2542,Industrial
2543,River
2544,Residential
2545,Pasture
2546,Highway
2547,River
2548,SeaLake
2549,Forest
2550,River
2551,Highway
2552,SeaLake
2553,River
2554,Forest
2555,Highway
2556,River
2557,AnnualCrop
2558,SeaLake
2559,Highway
2560,Pasture
2561,SeaLake
2562,Industrial
2563,HerbaceousVegetation
2564,SeaLake
2565,AnnualCrop
2566,SeaLake
2567,HerbaceousVegetation
2568,SeaLake
2569,River
2570,Pasture
2571,HerbaceousVegetation
2572,Industrial
2573,AnnualCrop
2574,Industrial
2575,Forest
2576,Highway
2577,PermanentCrop
2578,Industrial
2579,AnnualCrop
2580,AnnualCrop
2581,Forest
2582,Pasture
2583,SeaLake
2584,Industrial
2585,Industrial
2586,Residential
2587,AnnualCrop
2588,River
2589,SeaLake
2590,Industrial
2591,PermanentCrop
2592,SeaLake
2593,AnnualCrop
2594,AnnualCrop
2595,SeaLake
2596,Forest
2597,AnnualCrop
2598,AnnualCrop
2599,SeaLake
2600,AnnualCrop
2601,AnnualCrop
2602,SeaLake
2603,River
2604,Highway
2605,SeaLake
2606,PermanentCrop
2607,Pasture
2608,AnnualCrop
2609,AnnualCrop
2610,Industrial
2611,AnnualCrop
2612,SeaLake
2613,Highway
2614,SeaLake
2615,Pasture
2616,River
2617,Highway
2618,Forest
2619,Pasture
2620,Highway
2621,PermanentCrop
2622,PermanentCrop
2623,Industrial
2624,PermanentCrop
2625,Pasture
2626,HerbaceousVegetation
2627,AnnualCrop
2628,SeaLake
2629,Forest
2630,HerbaceousVegetation
2631,SeaLake
2632,River
2633,AnnualCrop
2634,SeaLake
2635,PermanentCrop
2636,Highway
2637,PermanentCrop
2638,PermanentCrop
2639,SeaLake
2640,River
2641,HerbaceousVegetation
2642,SeaLake
2643,Highway
2644,SeaLake
2645,SeaLake
2646,River
2647,Pasture
2648,Forest
2649,Residential
2650,Highway
2651,SeaLake
2652,SeaLake
2653,River
2654,SeaLake
2655,HerbaceousVegetation
2656,Highway
2657,HerbaceousVegetation
2658,Forest
2659,Residential
2660,PermanentCrop
2661,River
2662,PermanentCrop
2663,Residential
2664,PermanentCrop
2665,SeaLake
2666,HerbaceousVegetation
2667,River
2668,Forest
2669,SeaLake
2670,Highway
2671,PermanentCrop
2672,Pasture
2673,Industrial
2674,SeaLake
2675,AnnualCrop
2676,AnnualCrop
2677,HerbaceousVegetation
2678,Highway
2679,AnnualCrop
2680,River
2681,SeaLake
2682,Forest
2683,Forest
2684,SeaLake
2685,SeaLake
2686,Industrial
2687,Residential
2688,Industrial
2689,Pasture
2690,AnnualCrop
2691,AnnualCrop
2692,Highway
2693,SeaLake
2694,River
2695,AnnualCrop
2696,AnnualCrop
2697,PermanentCrop
2698,Highway
2699,SeaLake
2700,AnnualCrop
2701,AnnualCrop
2702,Highway
2703,SeaLake
2704,SeaLake
2705,Residential
2706,Pasture
2707,Pasture
2708,Industrial
2709,SeaLake
2710,Highway
2711,Forest
2712,AnnualCrop
2713,Forest
2714,AnnualCrop
2715,AnnualCrop
2716,HerbaceousVegetation
2717,SeaLake
2718,AnnualCrop
2719,Residential
2720,PermanentCrop
2721,Pasture
2722,SeaLake
2723,Residential
2724,Residential
2725,River
2726,SeaLake
2727,Forest
2728,SeaLake
2729,River
2730,SeaLake
2731,Highway
2732,Industrial
2733,River
2734,River
2735,SeaLake
2736,SeaLake
2737,HerbaceousVegetation
2738,HerbaceousVegetation
2739,SeaLake
2740,AnnualCrop
2741,River
2742,Highway
2743,River
2744,River
2745,Residential
2746,HerbaceousVegetation
2747,Highway
2748,Forest
2749,Highway
2750,AnnualCrop
2751,AnnualCrop
2752,AnnualCrop
2753,AnnualCrop
2754,Forest
2755,HerbaceousVegetation
2756,SeaLake
2757,AnnualCrop
2758,Residential
2759,SeaLake
2760,PermanentCrop
2761,SeaLake
2762,SeaLake
2763,River
2764,Highway
2765,Highway
2766,AnnualCrop
2767,SeaLake
2768,SeaLake
2769,SeaLake
2770,SeaLake
2771,SeaLake
2772,AnnualCrop
2773,Residential
2774,HerbaceousVegetation
2775,HerbaceousVegetation
2776,Residential
2777,HerbaceousVegetation
2778,SeaLake
2779,SeaLake
2780,AnnualCrop
2781,HerbaceousVegetation
2782,Highway
2783,AnnualCrop
2784,PermanentCrop
2785,SeaLake
2786,AnnualCrop
2787,PermanentCrop
2788,Highway
2789,Highway
2790,River
2791,Highway
2792,HerbaceousVegetation
2793,Highway
2794,Pasture
2795,Pasture
2796,AnnualCrop
2797,Highway
2798,SeaLake
2799,River
2800,Highway
2801,SeaLake
2802,HerbaceousVegetation
2803,SeaLake
2804,SeaLake
2805,SeaLake
2806,HerbaceousVegetation
2807,Highway
2808,HerbaceousVegetation
2809,River
2810,AnnualCrop
2811,River
2812,SeaLake
2813,AnnualCrop
2814,Pasture
2815,SeaLake
2816,Highway
2817,HerbaceousVegetation
2818,Industrial
2819,HerbaceousVegetation
2820,Highway
2821,Pasture
2822,Pasture
2823,Highway
2824,PermanentCrop
2825,Pasture
2826,Industrial
2827,Residential
2828,SeaLake
2829,AnnualCrop
2830,SeaLake
2831,AnnualCrop
2832,Pasture
2833,SeaLake
2834,Highway
2835,River
2836,Forest
2837,Residential
2838,HerbaceousVegetation
2839,SeaLake
2840,HerbaceousVegetation
2841,HerbaceousVegetation
2842,River
2843,River
2844,SeaLake
2845,SeaLake
2846,SeaLake
2847,AnnualCrop
2848,SeaLake
2849,PermanentCrop
2850,SeaLake
2851,SeaLake
2852,SeaLake
2853,PermanentCrop
2854,AnnualCrop
2855,Highway
2856,Pasture
2857,Pasture
2858,Forest
2859,PermanentCrop
2860,AnnualCrop
2861,HerbaceousVegetation
2862,SeaLake
2863,Pasture
2864,SeaLake
2865,AnnualCrop
2866,River
2867,SeaLake
2868,SeaLake
2869,PermanentCrop
2870,AnnualCrop
2871,Residential
2872,Industrial
2873,HerbaceousVegetation
2874,Industrial
2875,AnnualCrop
2876,SeaLake
2877,Industrial
2878,SeaLake
2879,AnnualCrop
2880,Forest
2881,AnnualCrop
2882,Forest
2883,PermanentCrop
2884,Industrial
2885,Pasture
2886,Highway
2887,Pasture
2888,SeaLake
2889,AnnualCrop
2890,Forest
2891,SeaLake
2892,Highway
2893,Pasture
2894,AnnualCrop
2895,SeaLake
2896,AnnualCrop
2897,Highway
2898,Pasture
2899,HerbaceousVegetation
2900,AnnualCrop
2901,SeaLake
2902,PermanentCrop
2903,SeaLake
2904,PermanentCrop
2905,SeaLake
2906,Industrial
2907,Industrial
2908,Forest
2909,SeaLake
2910,Forest
2911,SeaLake
2912,SeaLake
2913,HerbaceousVegetation
2914,Forest
2915,AnnualCrop
2916,HerbaceousVegetation
2917,PermanentCrop
2918,Pasture
2919,Forest
2920,AnnualCrop
2921,Highway
2922,AnnualCrop
2923,SeaLake
2924,Forest
2925,Residential
2926,River
2927,Forest
2928,Residential
2929,AnnualCrop
2930,SeaLake
2931,SeaLake
2932,SeaLake
2933,AnnualCrop
2934,SeaLake
2935,AnnualCrop
2936,HerbaceousVegetation
2937,Industrial
2938,PermanentCrop
2939,Highway
2940,SeaLake
2941,Residential
2942,SeaLake
2943,AnnualCrop
2944,SeaLake
2945,PermanentCrop
2946,SeaLake
2947,Pasture
2948,Pasture
2949,SeaLake
2950,AnnualCrop
2951,HerbaceousVegetation
2952,River
2953,HerbaceousVegetation
2954,Forest
2955,PermanentCrop
2956,Pasture
2957,AnnualCrop
2958,SeaLake
2959,SeaLake
2960,Pasture
2961,Forest
2962,Highway
2963,Forest
2964,PermanentCrop
2965,Residential
2966,Pasture
2967,SeaLake
2968,SeaLake
2969,Forest
2970,AnnualCrop
2971,SeaLake
2972,SeaLake
2973,AnnualCrop
2974,HerbaceousVegetation
2975,AnnualCrop
2976,AnnualCrop
2977,HerbaceousVegetation
2978,Pasture
2979,Residential
2980,HerbaceousVegetation
2981,Industrial
2982,SeaLake
2983,AnnualCrop
2984,SeaLake
2985,Highway
2986,Pasture
2987,SeaLake
2988,HerbaceousVegetation
2989,Industrial
2990,SeaLake
2991,AnnualCrop
2992,Residential
2993,PermanentCrop
2994,Residential
2995,AnnualCrop
2996,SeaLake
2997,Residential
2998,AnnualCrop
2999,SeaLake
3000,Pasture
3001,SeaLake
3002,Highway
3003,Pasture
3004,Industrial
3005,Forest
3006,River
3007,Industrial
3008,Highway
3009,HerbaceousVegetation
3010,HerbaceousVegetation
3011,River
3012,Forest
3013,Pasture
3014,SeaLake
3015,AnnualCrop
3016,PermanentCrop
3017,Highway
3018,PermanentCrop
3019,Pasture
3020,PermanentCrop
3021,Highway
3022,HerbaceousVegetation
3023,SeaLake
3024,SeaLake
3025,SeaLake
3026,SeaLake
3027,SeaLake
3028,SeaLake
3029,Residential
3030,SeaLake
3031,Highway
3032,Pasture
3033,Highway
3034,Highway
3035,River
3036,AnnualCrop
3037,AnnualCrop
3038,Highway
3039,Highway
3040,Highway
3041,AnnualCrop
3042,SeaLake
3043,PermanentCrop
3044,SeaLake
3045,AnnualCrop
3046,River
3047,River
3048,Residential
3049,AnnualCrop
3050,HerbaceousVegetation
3051,AnnualCrop
3052,Highway
3053,SeaLake
3054,SeaLake
3055,Highway
3056,Forest
3057,Highway
3058,PermanentCrop
3059,Residential
3060,PermanentCrop
3061,SeaLake
3062,Highway
3063,River
3064,AnnualCrop
3065,Pasture
3066,PermanentCrop
3067,Residential
3068,River
3069,Residential
3070,SeaLake
3071,SeaLake
3072,Highway
3073,AnnualCrop
3074,Residential
3075,Pasture
3076,SeaLake
3077,Forest
3078,Highway
3079,Forest
3080,Highway
3081,AnnualCrop
3082,SeaLake
3083,SeaLake
3084,AnnualCrop
3085,AnnualCrop
3086,PermanentCrop
3087,PermanentCrop
3088,Highway
3089,Industrial
3090,River
3091,AnnualCrop
3092,SeaLake
3093,SeaLake
3094,PermanentCrop
3095,SeaLake
3096,Highway
3097,Residential
3098,SeaLake
3099,SeaLake
3100,SeaLake
3101,River
3102,Residential
3103,SeaLake
3104,SeaLake
3105,AnnualCrop
3106,SeaLake
3107,AnnualCrop
3108,Forest
3109,Industrial
3110,SeaLake
3111,Highway
3112,River
3113,AnnualCrop
3114,Highway
3115,SeaLake
3116,Forest
3117,SeaLake
3118,Highway
3119,PermanentCrop
3120,SeaLake
3121,SeaLake
3122,AnnualCrop
3123,Industrial
3124,SeaLake
3125,Forest
3126,Highway
3127,HerbaceousVegetation
3128,AnnualCrop
3129,SeaLake
3130,Highway
3131,AnnualCrop
3132,Pasture
3133,AnnualCrop
3134,SeaLake
3135,Highway
3136,HerbaceousVegetation
3137,Highway
3138,Pasture
3139,Highway
3140,AnnualCrop
3141,SeaLake
3142,SeaLake
3143,Residential
3144,Forest
3145,HerbaceousVegetation
3146,HerbaceousVegetation
3147,AnnualCrop
3148,SeaLake
3149,SeaLake
3150,SeaLake
3151,AnnualCrop
3152,SeaLake
3153,Industrial
3154,Residential
3155,AnnualCrop
3156,Pasture
3157,HerbaceousVegetation
3158,Highway
3159,AnnualCrop
3160,Highway
3161,PermanentCrop
3162,Pasture
3163,SeaLake
3164,Forest
3165,PermanentCrop
3166,Forest
3167,Pasture
3168,Highway
3169,AnnualCrop
3170,AnnualCrop
3171,AnnualCrop
3172,PermanentCrop
3173,River
3174,Highway
3175,River
3176,HerbaceousVegetation
3177,HerbaceousVegetation
3178,Highway
3179,AnnualCrop
3180,SeaLake
3181,River
3182,Industrial
3183,SeaLake
3184,Highway
3185,River
3186,Industrial
3187,PermanentCrop
3188,SeaLake
3189,HerbaceousVegetation
3190,SeaLake
3191,Forest
3192,Forest
3193,Pasture
3194,PermanentCrop
3195,SeaLake
3196,SeaLake
3197,Forest
3198,Pasture
3199,AnnualCrop
3200,SeaLake
3201,River
3202,Forest
3203,SeaLake
3204,Highway
3205,AnnualCrop
3206,River
3207,Pasture
3208,Forest
3209,AnnualCrop
3210,SeaLake
3211,AnnualCrop
3212,Residential
3213,SeaLake
3214,SeaLake
3215,Industrial
3216,River
3217,Highway
3218,SeaLake
3219,Industrial
3220,Pasture
3221,SeaLake
3222,SeaLake
3223,PermanentCrop
3224,PermanentCrop
3225,Forest
3226,PermanentCrop
3227,HerbaceousVegetation
3228,Forest
3229,PermanentCrop
3230,AnnualCrop
3231,Residential
3232,AnnualCrop
3233,PermanentCrop
3234,AnnualCrop
3235,AnnualCrop
3236,AnnualCrop
3237,SeaLake
3238,Highway
3239,SeaLake
3240,Highway
3241,Residential
3242,AnnualCrop
3243,PermanentCrop
3244,SeaLake
3245,SeaLake
3246,Highway
3247,HerbaceousVegetation
3248,Industrial
3249,PermanentCrop
3250,Forest
3251,Industrial
3252,AnnualCrop
3253,River
3254,Forest
3255,SeaLake
3256,SeaLake
3257,Industrial
3258,SeaLake
3259,Pasture
3260,Highway
3261,AnnualCrop
3262,SeaLake
3263,SeaLake
3264,Highway
3265,Pasture
3266,Highway
3267,Forest
3268,HerbaceousVegetation
3269,Highway
3270,AnnualCrop
3271,SeaLake
3272,AnnualCrop
3273,Highway
3274,SeaLake
3275,SeaLake
3276,SeaLake
3277,AnnualCrop
3278,HerbaceousVegetation
3279,SeaLake
3280,Highway
3281,SeaLake
3282,Forest
3283,PermanentCrop
3284,SeaLake
3285,PermanentCrop
3286,SeaLake
3287,Residential
3288,Pasture
3289,Highway
3290,Highway
3291,AnnualCrop
3292,SeaLake
3293,SeaLake
3294,AnnualCrop
3295,AnnualCrop
3296,AnnualCrop
3297,SeaLake
3298,AnnualCrop
3299,AnnualCrop
3300,Forest
3301,HerbaceousVegetation
3302,Forest
3303,Residential
3304,Forest
3305,Residential
3306,River
3307,Forest
3308,AnnualCrop
3309,HerbaceousVegetation
3310,SeaLake
3311,AnnualCrop
3312,SeaLake
3313,PermanentCrop
3314,HerbaceousVegetation
3315,SeaLake
3316,Highway
3317,PermanentCrop
3318,SeaLake
3319,SeaLake
3320,PermanentCrop
3321,PermanentCrop
3322,SeaLake
3323,Forest
3324,Highway
3325,SeaLake
3326,Highway
3327,PermanentCrop
3328,PermanentCrop
3329,SeaLake
3330,Pasture
3331,AnnualCrop
3332,River
3333,HerbaceousVegetation
3334,SeaLake
3335,AnnualCrop
3336,Forest
3337,SeaLake
3338,SeaLake
3339,SeaLake
3340,Industrial
3341,AnnualCrop
3342,SeaLake
3343,Pasture
3344,Highway
3345,AnnualCrop
3346,SeaLake
3347,HerbaceousVegetation
3348,AnnualCrop
3349,HerbaceousVegetation
3350,Highway
3351,HerbaceousVegetation
3352,Highway
3353,Pasture
3354,SeaLake
3355,Highway
3356,Residential
3357,Forest
3358,SeaLake
3359,HerbaceousVegetation
3360,SeaLake
3361,AnnualCrop
3362,SeaLake
3363,HerbaceousVegetation
3364,Highway
3365,Pasture
3366,River
3367,River
3368,River
3369,SeaLake
3370,Highway
3371,Pasture
3372,Pasture
3373,SeaLake
3374,PermanentCrop
3375,Industrial
3376,AnnualCrop
3377,SeaLake
3378,Highway
3379,Forest
3380,AnnualCrop
3381,SeaLake
3382,Industrial
3383,Residential
3384,SeaLake
3385,River
3386,AnnualCrop
3387,River
3388,AnnualCrop
3389,PermanentCrop
3390,Highway
3391,Highway
3392,Industrial
3393,Pasture
3394,AnnualCrop
3395,Forest
3396,HerbaceousVegetation
3397,Highway
3398,SeaLake
3399,HerbaceousVegetation
3400,Highway
3401,Pasture
3402,Forest
3403,Highway
3404,HerbaceousVegetation
3405,SeaLake
3406,AnnualCrop
3407,AnnualCrop
3408,Residential
3409,SeaLake
3410,SeaLake
3411,Highway
3412,HerbaceousVegetation
3413,River
3414,Pasture
3415,HerbaceousVegetation
3416,SeaLake
3417,AnnualCrop
3418,SeaLake
3419,AnnualCrop
3420,AnnualCrop
3421,AnnualCrop
3422,AnnualCrop
3423,Industrial
3424,SeaLake
3425,AnnualCrop
3426,Highway
3427,SeaLake
3428,River
3429,HerbaceousVegetation
3430,AnnualCrop
3431,HerbaceousVegetation
3432,AnnualCrop
3433,AnnualCrop
3434,AnnualCrop
3435,SeaLake
3436,HerbaceousVegetation
3437,Forest
3438,PermanentCrop
3439,Forest
3440,Industrial
3441,SeaLake
3442,Highway
3443,AnnualCrop
3444,AnnualCrop
3445,SeaLake
3446,Highway
3447,HerbaceousVegetation
3448,Industrial
3449,River
3450,PermanentCrop
3451,Highway
3452,SeaLake
3453,HerbaceousVegetation
3454,SeaLake
3455,Highway
3456,River
3457,AnnualCrop
3458,Highway
3459,HerbaceousVegetation
3460,HerbaceousVegetation
3461,Industrial
3462,Highway
3463,SeaLake
3464,Highway
3465,Pasture
3466,Highway
3467,River
3468,River
3469,SeaLake
3470,AnnualCrop
3471,Industrial
3472,Residential
3473,AnnualCrop
3474,SeaLake
3475,PermanentCrop
3476,AnnualCrop
3477,Pasture
3478,AnnualCrop
3479,Highway
3480,AnnualCrop
3481,AnnualCrop
3482,Pasture
3483,Highway
3484,Highway
3485,Industrial
3486,AnnualCrop
3487,Forest
3488,Forest
3489,Industrial
3490,AnnualCrop
3491,Residential
3492,River
3493,SeaLake
3494,Pasture
3495,SeaLake
3496,Pasture
3497,SeaLake
3498,Pasture
3499,River
3500,PermanentCrop
3501,Residential
3502,Pasture
3503,Highway
3504,SeaLake
3505,Forest
3506,PermanentCrop
3507,Highway
3508,Industrial
3509,HerbaceousVegetation
3510,SeaLake
3511,SeaLake
3512,SeaLake
3513,AnnualCrop
3514,Residential
3515,SeaLake
3516,Industrial
3517,Highway
3518,SeaLake
3519,Highway
3520,River
3521,SeaLake
3522,Forest
3523,SeaLake
3524,AnnualCrop
3525,SeaLake
3526,River
3527,SeaLake
3528,AnnualCrop
3529,HerbaceousVegetation
3530,Forest
3531,Industrial
3532,PermanentCrop
3533,PermanentCrop
3534,Residential
3535,Pasture
3536,SeaLake
3537,HerbaceousVegetation
3538,SeaLake
3539,Highway
3540,Highway
3541,SeaLake
3542,Pasture
3543,Highway
3544,AnnualCrop
3545,Pasture
3546,SeaLake
3547,Forest
3548,Highway
3549,PermanentCrop
3550,SeaLake
3551,Pasture
3552,HerbaceousVegetation
3553,SeaLake
3554,AnnualCrop
3555,HerbaceousVegetation
3556,SeaLake
3557,AnnualCrop
3558,SeaLake
3559,PermanentCrop
3560,HerbaceousVegetation
3561,Industrial
3562,River
3563,PermanentCrop
3564,SeaLake
3565,Residential
3566,Pasture
3567,SeaLake
3568,SeaLake
3569,Highway
3570,SeaLake
3571,AnnualCrop
3572,SeaLake
3573,SeaLake
3574,AnnualCrop
3575,Industrial
3576,Industrial
3577,Industrial
3578,Highway
3579,SeaLake
3580,HerbaceousVegetation
3581,Forest
3582,Industrial
3583,Highway
3584,Industrial
3585,SeaLake
3586,Forest
3587,SeaLake
3588,Pasture
3589,SeaLake
3590,Forest
3591,Residential
3592,HerbaceousVegetation
3593,Pasture
3594,SeaLake
3595,SeaLake
3596,SeaLake
3597,Highway
3598,AnnualCrop
3599,HerbaceousVegetation
3600,HerbaceousVegetation
3601,AnnualCrop
3602,SeaLake
3603,PermanentCrop
3604,SeaLake
3605,Pasture
3606,AnnualCrop
3607,Industrial
3608,SeaLake
3609,Forest
3610,SeaLake
3611,SeaLake
3612,SeaLake
3613,AnnualCrop
3614,HerbaceousVegetation
3615,Pasture
3616,SeaLake
3617,Forest
3618,River
3619,HerbaceousVegetation
3620,SeaLake
3621,Highway
3622,Pasture
3623,AnnualCrop
3624,PermanentCrop
3625,River
3626,SeaLake
3627,PermanentCrop
3628,Highway
3629,SeaLake
3630,SeaLake
3631,AnnualCrop
3632,AnnualCrop
3633,AnnualCrop
3634,Highway
3635,Pasture
3636,Highway
3637,SeaLake
3638,River
3639,SeaLake
3640,Residential
3641,AnnualCrop
3642,PermanentCrop
3643,HerbaceousVegetation
3644,River
3645,HerbaceousVegetation
3646,Industrial
3647,SeaLake
3648,AnnualCrop
3649,AnnualCrop
3650,Pasture
3651,HerbaceousVegetation
3652,Highway
3653,Industrial
3654,Highway
3655,Highway
3656,SeaLake
3657,AnnualCrop
3658,PermanentCrop
3659,Industrial
3660,AnnualCrop
3661,HerbaceousVegetation
3662,Pasture
3663,River
3664,SeaLake
3665,SeaLake
3666,AnnualCrop
3667,Highway
3668,Highway
3669,SeaLake
3670,Highway
3671,AnnualCrop
3672,HerbaceousVegetation
3673,PermanentCrop
3674,SeaLake
3675,SeaLake
3676,Residential
3677,SeaLake
3678,River
3679,AnnualCrop
3680,Highway
3681,HerbaceousVegetation
3682,AnnualCrop
3683,SeaLake
3684,Forest
3685,Residential
3686,AnnualCrop
3687,SeaLake
3688,AnnualCrop
3689,SeaLake
3690,SeaLake
3691,SeaLake
3692,SeaLake
3693,SeaLake
3694,Residential
3695,AnnualCrop
3696,SeaLake
3697,Pasture
3698,Industrial
3699,AnnualCrop
3700,Highway
3701,Residential
3702,SeaLake
3703,SeaLake
3704,SeaLake
3705,HerbaceousVegetation
3706,HerbaceousVegetation
3707,Pasture
3708,Highway
3709,Industrial
3710,AnnualCrop
3711,AnnualCrop
3712,AnnualCrop
3713,Highway
3714,SeaLake
3715,HerbaceousVegetation
3716,SeaLake
3717,PermanentCrop
3718,SeaLake
3719,SeaLake
3720,AnnualCrop
3721,Residential
3722,SeaLake
3723,Residential
3724,SeaLake
3725,Industrial
3726,SeaLake
3727,Industrial
3728,AnnualCrop
3729,River
3730,PermanentCrop
3731,PermanentCrop
3732,SeaLake
3733,SeaLake
3734,SeaLake
3735,AnnualCrop
3736,Industrial
3737,Highway
3738,Pasture
3739,Pasture
3740,Highway
3741,HerbaceousVegetation
3742,Residential
3743,Highway
3744,Industrial
3745,Industrial
3746,Highway
3747,AnnualCrop
3748,HerbaceousVegetation
3749,HerbaceousVegetation
3750,Industrial
3751,SeaLake
3752,PermanentCrop
3753,PermanentCrop
3754,Forest
3755,Industrial
3756,Forest
3757,SeaLake
3758,PermanentCrop
3759,Forest
3760,AnnualCrop
3761,PermanentCrop
3762,AnnualCrop
3763,SeaLake
3764,Highway
3765,AnnualCrop
3766,AnnualCrop
3767,Highway
3768,Forest
3769,HerbaceousVegetation
3770,Highway
3771,SeaLake
3772,Residential
3773,AnnualCrop
3774,AnnualCrop
3775,Pasture
3776,Industrial
3777,PermanentCrop
3778,PermanentCrop
3779,SeaLake
3780,River
3781,SeaLake
3782,Forest
3783,HerbaceousVegetation
3784,Residential
3785,SeaLake
3786,SeaLake
3787,AnnualCrop
3788,Pasture
3789,AnnualCrop
3790,Highway
3791,HerbaceousVegetation
3792,PermanentCrop
3793,Forest
3794,AnnualCrop
3795,SeaLake
3796,Pasture
3797,HerbaceousVegetation
3798,SeaLake
3799,PermanentCrop
3800,Highway
3801,AnnualCrop
3802,AnnualCrop
3803,SeaLake
3804,Industrial
3805,SeaLake
3806,HerbaceousVegetation
3807,Forest
3808,PermanentCrop
3809,SeaLake
3810,AnnualCrop
3811,PermanentCrop
3812,SeaLake
3813,HerbaceousVegetation
3814,Residential
3815,Highway
3816,Forest
3817,SeaLake
3818,AnnualCrop
3819,AnnualCrop
3820,AnnualCrop
3821,SeaLake
3822,PermanentCrop
3823,Industrial
3824,SeaLake
3825,Highway
3826,Forest
3827,Highway
3828,River
3829,SeaLake
3830,Industrial
3831,AnnualCrop
3832,Forest
3833,Industrial
3834,Pasture
3835,SeaLake
3836,SeaLake
3837,SeaLake
3838,PermanentCrop
3839,River
3840,SeaLake
3841,Industrial
3842,AnnualCrop
3843,Residential
3844,Forest
3845,Industrial
3846,SeaLake
3847,Residential
3848,Industrial
3849,SeaLake
3850,Residential
3851,Forest
3852,SeaLake
3853,SeaLake
3854,SeaLake
3855,HerbaceousVegetation
3856,Industrial
3857,SeaLake
3858,SeaLake
3859,AnnualCrop
3860,SeaLake
3861,AnnualCrop
3862,SeaLake
3863,PermanentCrop
3864,Highway
3865,Pasture
3866,River
3867,PermanentCrop
3868,Residential
3869,HerbaceousVegetation
3870,Forest
3871,PermanentCrop
3872,AnnualCrop
3873,Residential
3874,SeaLake
3875,Industrial
3876,Pasture
3877,PermanentCrop
3878,Forest
3879,AnnualCrop
3880,AnnualCrop
3881,SeaLake
3882,Residential
3883,AnnualCrop
3884,Highway
3885,HerbaceousVegetation
3886,AnnualCrop
3887,SeaLake
3888,Industrial
3889,HerbaceousVegetation
3890,AnnualCrop
3891,Forest
3892,PermanentCrop
3893,HerbaceousVegetation
3894,Highway
3895,Industrial
3896,SeaLake
3897,Highway
3898,Industrial
3899,AnnualCrop
3900,SeaLake
3901,PermanentCrop
3902,SeaLake
3903,AnnualCrop
3904,Residential
3905,River
3906,AnnualCrop
3907,Highway
3908,SeaLake
3909,Industrial
3910,SeaLake
3911,Residential
3912,AnnualCrop
3913,AnnualCrop
3914,SeaLake
3915,AnnualCrop
3916,SeaLake
3917,Forest
3918,AnnualCrop
3919,SeaLake
3920,AnnualCrop
3921,River
3922,Highway
3923,SeaLake
3924,SeaLake
3925,AnnualCrop
3926,SeaLake
3927,SeaLake
3928,HerbaceousVegetation
3929,Pasture
3930,PermanentCrop
3931,AnnualCrop
3932,Pasture
3933,HerbaceousVegetation
3934,SeaLake
3935,SeaLake
3936,SeaLake
3937,Industrial
3938,HerbaceousVegetation
3939,SeaLake
3940,Highway
3941,SeaLake
3942,Pasture
3943,Industrial
3944,AnnualCrop
3945,HerbaceousVegetation
3946,Industrial
3947,HerbaceousVegetation
3948,SeaLake
3949,HerbaceousVegetation
3950,AnnualCrop
3951,Highway
3952,AnnualCrop
3953,Forest
3954,HerbaceousVegetation
3955,SeaLake
3956,AnnualCrop
3957,SeaLake
3958,Highway
3959,AnnualCrop
3960,SeaLake
3961,Residential
3962,Highway
3963,SeaLake
3964,HerbaceousVegetation
3965,SeaLake
3966,Residential
3967,River
3968,Forest
3969,SeaLake
3970,Residential
3971,Forest
3972,Highway
3973,SeaLake
3974,Pasture
3975,Residential
3976,SeaLake
3977,AnnualCrop
3978,HerbaceousVegetation
3979,Residential
3980,SeaLake
3981,Pasture
3982,River
3983,River
3984,SeaLake
3985,HerbaceousVegetation
3986,AnnualCrop
3987,AnnualCrop
3988,Forest
3989,River
3990,AnnualCrop
3991,PermanentCrop
3992,AnnualCrop
3993,AnnualCrop
3994,Forest
3995,Pasture
3996,Forest
3997,HerbaceousVegetation
3998,Industrial
3999,Highway
4000,SeaLake
4001,Industrial
4002,HerbaceousVegetation
4003,AnnualCrop
4004,PermanentCrop
4005,AnnualCrop
4006,SeaLake
4007,SeaLake
4008,Industrial
4009,SeaLake
4010,HerbaceousVegetation
4011,Forest
4012,River
4013,Pasture
4014,SeaLake
4015,Industrial
4016,PermanentCrop
4017,SeaLake
4018,AnnualCrop
4019,HerbaceousVegetation
4020,SeaLake
4021,River
4022,PermanentCrop
4023,Highway
4024,AnnualCrop
4025,HerbaceousVegetation
4026,SeaLake
4027,PermanentCrop
4028,AnnualCrop
4029,Residential
4030,River
4031,AnnualCrop
4032,River
4033,AnnualCrop
4034,SeaLake
4035,Pasture
4036,HerbaceousVegetation
4037,PermanentCrop
4038,AnnualCrop
4039,SeaLake
4040,SeaLake
4041,SeaLake
4042,Highway
4043,SeaLake
4044,SeaLake
4045,Residential
4046,AnnualCrop
4047,SeaLake
4048,AnnualCrop
4049,HerbaceousVegetation
4050,River
4051,HerbaceousVegetation
4052,Highway
4053,River
4054,HerbaceousVegetation
4055,SeaLake
4056,AnnualCrop
4057,AnnualCrop
4058,SeaLake
4059,SeaLake
4060,Highway
4061,Forest
4062,SeaLake
4063,River
4064,SeaLake
4065,SeaLake
4066,Pasture
4067,SeaLake
4068,Highway
4069,River
4070,AnnualCrop
4071,Highway
4072,Industrial
4073,AnnualCrop
4074,Highway
4075,SeaLake
4076,AnnualCrop
4077,SeaLake
4078,PermanentCrop
4079,PermanentCrop
4080,AnnualCrop
4081,AnnualCrop
4082,AnnualCrop
4083,SeaLake
4084,Industrial
4085,SeaLake
4086,Industrial
4087,Residential
4088,SeaLake
4089,SeaLake
4090,HerbaceousVegetation
4091,SeaLake
4092,SeaLake
4093,SeaLake
4094,AnnualCrop
4095,Pasture
4096,PermanentCrop
4097,Pasture
4098,River
4099,SeaLake
4100,HerbaceousVegetation
4101,SeaLake
4102,Highway
4103,HerbaceousVegetation
4104,SeaLake
4105,SeaLake
4106,HerbaceousVegetation
4107,SeaLake
4108,PermanentCrop
4109,SeaLake
4110,SeaLake
4111,Highway
4112,HerbaceousVegetation
4113,Pasture
4114,SeaLake
4115,PermanentCrop
4116,AnnualCrop
4117,River
4118,PermanentCrop
4119,SeaLake
4120,HerbaceousVegetation
4121,River
4122,Highway
4123,Highway
4124,PermanentCrop
4125,Highway
4126,PermanentCrop
4127,SeaLake
4128,SeaLake
4129,River
4130,SeaLake
4131,SeaLake
4132,Highway
4133,PermanentCrop
4134,AnnualCrop
4135,SeaLake
4136,HerbaceousVegetation
4137,HerbaceousVegetation
4138,Forest
4139,PermanentCrop
4140,PermanentCrop
4141,Forest
4142,AnnualCrop
4143,Forest
4144,AnnualCrop
4145,AnnualCrop
4146,River
4147,AnnualCrop
4148,HerbaceousVegetation
4149,Residential
4150,Highway
4151,Highway
4152,Forest
4153,HerbaceousVegetation
4154,Highway
4155,River
4156,SeaLake
4157,AnnualCrop
4158,Pasture
4159,PermanentCrop
4160,AnnualCrop
4161,HerbaceousVegetation
4162,Highway
4163,Forest
4164,AnnualCrop
4165,Highway
4166,HerbaceousVegetation
4167,AnnualCrop
4168,SeaLake
4169,Industrial
4170,SeaLake
4171,PermanentCrop
4172,River
4173,PermanentCrop
4174,River
4175,HerbaceousVegetation
4176,HerbaceousVegetation
4177,AnnualCrop
4178,AnnualCrop
4179,Highway
4180,Highway
4181,Forest
4182,Pasture
4183,HerbaceousVegetation
4184,SeaLake
4185,HerbaceousVegetation
4186,AnnualCrop
4187,Highway
4188,AnnualCrop
4189,SeaLake
4190,Pasture
4191,River
4192,Highway
4193,SeaLake
4194,AnnualCrop
4195,River
4196,Pasture
4197,SeaLake
4198,SeaLake
4199,AnnualCrop
4200,HerbaceousVegetation
4201,Forest
4202,PermanentCrop
4203,AnnualCrop
4204,AnnualCrop
4205,Highway
4206,SeaLake
4207,Forest
4208,AnnualCrop
4209,Pasture
4210,Industrial
4211,AnnualCrop
4212,Pasture
4213,PermanentCrop
4214,Forest
4215,Highway
4216,PermanentCrop
4217,Industrial
4218,Highway
4219,Highway
4220,AnnualCrop
4221,PermanentCrop
4222,Forest
4223,Highway
4224,SeaLake
4225,SeaLake
4226,HerbaceousVegetation
4227,HerbaceousVegetation
4228,PermanentCrop
4229,River
4230,Residential
4231,Forest
